,POINTID,YEAR,MONTH,DISCHRG
1973-01-01,1167.0,1973.0,1.0,1336.0
1973-02-01,1167.0,1973.0,2.0,1450.0
1973-03-01,1167.0,1973.0,3.0,1609.0
1973-04-01,1167.0,1973.0,4.0,1523.0
1973-05-01,1167.0,1973.0,5.0,1922.0
1973-06-01,1167.0,1973.0,6.0,2507.0
1973-07-01,1167.0,1973.0,7.0,2591.0
1973-08-01,1167.0,1973.0,8.0,2344.0
1973-09-01,1167.0,1973.0,9.0,1647.0
1973-10-01,1167.0,1973.0,10.0,1418.0
1973-11-01,1167.0,1973.0,11.0,1520.0
1973-12-01,1167.0,1973.0,12.0,1359.0
1974-01-01,1167.0,1974.0,1.0,1008.0
1974-02-01,1167.0,1974.0,2.0,1570.0
1974-03-01,1167.0,1974.0,3.0,1661.0
1974-04-01,1167.0,1974.0,4.0,1577.0
1974-05-01,1167.0,1974.0,5.0,1919.0
1974-06-01,1167.0,1974.0,6.0,2480.0
1974-07-01,1167.0,1974.0,7.0,2557.0
1974-08-01,1167.0,1974.0,8.0,2277.0
1974-09-01,1167.0,1974.0,9.0,1550.0
1974-10-01,1167.0,1974.0,10.0,1441.0
1974-11-01,1167.0,1974.0,11.0,1543.0
1974-12-01,1167.0,1974.0,12.0,1276.0
1975-01-01,1167.0,1975.0,1.0,1131.0
1975-02-01,1167.0,1975.0,2.0,1533.0
1975-03-01,1167.0,1975.0,3.0,1653.0
1975-04-01,1167.0,1975.0,4.0,1608.0
1975-05-01,1167.0,1975.0,5.0,1874.0
1975-06-01,1167.0,1975.0,6.0,2372.0
1975-07-01,1167.0,1975.0,7.0,2408.0
1975-08-01,1167.0,1975.0,8.0,2075.0
1975-09-01,1167.0,1975.0,9.0,1496.0
1975-10-01,1167.0,1975.0,10.0,1344.0
1975-11-01,1167.0,1975.0,11.0,1404.0
1975-12-01,1167.0,1975.0,12.0,1247.0
1976-01-01,1167.0,1976.0,1.0,1275.0
1976-02-01,1167.0,1976.0,2.0,1390.0
1976-03-01,1167.0,1976.0,3.0,1460.0
1976-04-01,1167.0,1976.0,4.0,1485.0
1976-05-01,1167.0,1976.0,5.0,1770.0
1976-06-01,1167.0,1976.0,6.0,2420.0
1976-07-01,1167.0,1976.0,7.0,2465.0
1976-08-01,1167.0,1976.0,8.0,2175.0
1976-09-01,1167.0,1976.0,9.0,1540.0
1976-10-01,1167.0,1976.0,10.0,1495.0
1976-11-01,1167.0,1976.0,11.0,1505.0
1976-12-01,1167.0,1976.0,12.0,1485.0
1977-01-01,1167.0,1977.0,1.0,1495.0
1977-02-01,1167.0,1977.0,2.0,1540.0
1977-03-01,1167.0,1977.0,3.0,1715.0
1977-04-01,1167.0,1977.0,4.0,1600.0
1977-05-01,1167.0,1977.0,5.0,1840.0
1977-06-01,1167.0,1977.0,6.0,2475.0
1977-07-01,1167.0,1977.0,7.0,2465.0
1977-08-01,1167.0,1977.0,8.0,2185.0
1977-09-01,1167.0,1977.0,9.0,1630.0
1977-10-01,1167.0,1977.0,10.0,1655.0
1977-11-01,1167.0,1977.0,11.0,1655.0
1977-12-01,1167.0,1977.0,12.0,1820.0
1978-01-01,1167.0,1978.0,1.0,1680.0
1978-02-01,1167.0,1978.0,2.0,1770.0
1978-03-01,1167.0,1978.0,3.0,1910.0
1978-04-01,1167.0,1978.0,4.0,2035.0
1978-05-01,1167.0,1978.0,5.0,2070.0
1978-06-01,1167.0,1978.0,6.0,2410.0
1978-07-01,1167.0,1978.0,7.0,2570.0
1978-08-01,1167.0,1978.0,8.0,2185.0
1978-09-01,1167.0,1978.0,9.0,1760.0
1978-10-01,1167.0,1978.0,10.0,1680.0
1978-11-01,1167.0,1978.0,11.0,1750.0
1978-12-01,1167.0,1978.0,12.0,1700.0
1979-01-01,1167.0,1979.0,1.0,1435.0
1979-02-01,1167.0,1979.0,2.0,1805.0
1979-03-01,1167.0,1979.0,3.0,1760.0
1979-04-01,1167.0,1979.0,4.0,1735.0
1979-05-01,1167.0,1979.0,5.0,2015.0
1979-06-01,1167.0,1979.0,6.0,2615.0
1979-07-01,1167.0,1979.0,7.0,2710.0
1979-08-01,1167.0,1979.0,8.0,2325.0
1979-09-01,1167.0,1979.0,9.0,1840.0
1979-10-01,1167.0,1979.0,10.0,1575.0
1979-11-01,1167.0,1979.0,11.0,1530.0
1979-12-01,1167.0,1979.0,12.0,1485.0
1980-01-01,1167.0,1980.0,1.0,1331.0
1980-02-01,1167.0,1980.0,2.0,1620.0
1980-03-01,1167.0,1980.0,3.0,1690.0
1980-04-01,1167.0,1980.0,4.0,1655.0
1980-05-01,1167.0,1980.0,5.0,1968.0
1980-06-01,1167.0,1980.0,6.0,2546.0
1980-07-01,1167.0,1980.0,7.0,2662.0
1980-08-01,1167.0,1980.0,8.0,2326.0
1980-09-01,1167.0,1980.0,9.0,1806.0
1980-10-01,1167.0,1980.0,10.0,1505.0
1980-11-01,1167.0,1980.0,11.0,1539.0
1980-12-01,1167.0,1980.0,12.0,1481.0
1981-01-01,1167.0,1981.0,1.0,1589.0
1981-02-01,1167.0,1981.0,2.0,1644.0
1981-03-01,1167.0,1981.0,3.0,1678.0
1981-04-01,1167.0,1981.0,4.0,1655.0
1981-05-01,1167.0,1981.0,5.0,1187.0
1981-06-01,1167.0,1981.0,6.0,2477.0
1981-07-01,1167.0,1981.0,7.0,2650.0
1981-08-01,1167.0,1981.0,8.0,2268.0
1981-09-01,1167.0,1981.0,9.0,1829.0
1981-10-01,1167.0,1981.0,10.0,1678.0
1981-11-01,1167.0,1981.0,11.0,1678.0
1981-12-01,1167.0,1981.0,12.0,1667.0
1982-01-01,1167.0,1982.0,1.0,1632.0
1982-02-01,1167.0,1982.0,2.0,1678.0
1982-03-01,1167.0,1982.0,3.0,1701.0
1982-04-01,1167.0,1982.0,4.0,1678.0
1982-05-01,1167.0,1982.0,5.0,1921.0
1982-06-01,1167.0,1982.0,6.0,2558.0
1982-07-01,1167.0,1982.0,7.0,2639.0
1982-08-01,1167.0,1982.0,8.0,2338.0
1982-09-01,1167.0,1982.0,9.0,1852.0
1982-10-01,1167.0,1982.0,10.0,1725.0
1982-11-01,1167.0,1982.0,11.0,1713.0
1982-12-01,1167.0,1982.0,12.0,1701.0
1983-01-01,1167.0,1983.0,1.0,1568.0
1983-02-01,1167.0,1983.0,2.0,1620.0
1983-03-01,1167.0,1983.0,3.0,1655.0
1983-04-01,1167.0,1983.0,4.0,1713.0
1983-05-01,1167.0,1983.0,5.0,1852.0
1983-06-01,1167.0,1983.0,6.0,2535.0
1983-07-01,1167.0,1983.0,7.0,2581.0
1983-08-01,1167.0,1983.0,8.0,2338.0
1983-09-01,1167.0,1983.0,9.0,1782.0
1983-10-01,1167.0,1983.0,10.0,1551.0
1983-11-01,1167.0,1983.0,11.0,1539.0
1983-12-01,1167.0,1983.0,12.0,1470.0
1984-01-01,1167.0,1984.0,1.0,1377.0
1984-02-01,1167.0,1984.0,2.0,1609.0
1984-03-01,1167.0,1984.0,3.0,1667.0
1984-04-01,1167.0,1984.0,4.0,1690.0
1984-05-01,1167.0,1984.0,5.0,1910.0
1984-06-01,1167.0,1984.0,6.0,2685.0
1984-07-01,1167.0,1984.0,7.0,2627.0
1984-08-01,1167.0,1984.0,8.0,2350.0
1984-09-01,1167.0,1984.0,9.0,1840.0
1984-10-01,1167.0,1984.0,10.0,1725.0
1984-11-01,1167.0,1984.0,11.0,1493.0
1984-12-01,1167.0,1984.0,12.0,1435.0
